janitza_id,serial_number,type_display_name,janitza_name,type,description,connection_string
1,7001-3861,UMG 604  ,ALT11A,JanitzaUMG604,Althen UGS 20kV,TCP IP Adresse: 10.60.0.81
2,2200-0561,UMG 508  ,ANG11A,JanitzaUMG508,Angermünde ÜG01 20KV,TCP IP Adresse: 10.32.8.1
7,7001-3527,UMG 604  ,BRF11A,JanitzaUMG604,Breitenfeld UGS 20kV,TCP IP Adresse: 10.164.0.81
8,7000-8948,UMG 604  ,COB11A,JanitzaUMG604,Cottbus UGS 20 kV,TCP IP Adresse: 10.162.0.81
9,7001-0917,UMG 604  ,DEL41Z,JanitzaUMG604,Delitzsch UW 110kV,TCP IP Adresse: 10.40.0.81
11,7000-6976,UMG 604  ,GAH11A,JanitzaUMG604,Gahro UGS 20kV,TCP IP Adresse: 10.231.36.84
12,7000-6974,UMG 604  ,GAH11B,JanitzaUMG604,Gahro UGS 20kV,TCP IP Adresse: 10.231.36.85
13,7000-5811,UMG 604  ,GAH11C,JanitzaUMG604,Gahro UGS 20kV,TCP IP Adresse: 10.231.36.86
14,7000-6966,UMG 604  ,GAH11D,JanitzaUMG604,Gahro UGS 20kV,TCP IP Adresse: 10.231.36.87
15,7000-5812,UMG 604  ,GAH11E,JanitzaUMG604,Gahro UGS 20kV,TCP IP Adresse: 10.231.36.83
16,7000-6196,UMG 604  ,GGT11A,JanitzaUMG604,Grossengottern UGS 20kV,TCP IP Adresse: 10.195.0.81
17,7000-6086,UMG 604  ,HDF11A,JanitzaUMG604,Heinersdorf Floessberg UGS 20kV,TCP IP Adresse: 10.184.0.82
18,7000-7928,UMG 604  ,HDF12A,JanitzaUMG604,Heinersdorf Kitzscher UGS 20kV,TCP IP Adresse: 10.184.0.81
19,7001-0918,UMG 604  ,KLA11A,JanitzaUMG604,Kleinaitingen UGS 20kV,TCP IP Adresse: 10.232.200.81
20,7000-6197,UMG 604  ,KLT11A,JanitzaUMG604,Klettbach UGS 20kV,TCP IP Adresse: 10.231.52.81
21,7001-0885,UMG 604  ,KOD11A,JanitzaUMG604,Kodersdorf UGS 20kV,TCP IP Adresse: 10.107.0.81
22,7000-8344,UMG 604  ,Köthen INV 01.01,JanitzaUMG604,Janitza UMG 604,TCP IP Adresse: 10.197.0.81
23,7001-3858,UMG 604  ,MOK11A,JanitzaUMG604,Mockritz Obergoseln UGS 20kV,TCP IP Adresse: 10.92.0.81
24,7001-3859,UMG 604  ,MOK12A,JanitzaUMG604,Mockritz Mockritz UGS 20kV,TCP IP Adresse: 10.92.0.82
25,7000-8517,UMG 604  ,NIE41Z,JanitzaUMG604,Niemberg OPI,TCP IP Adresse: 10.82.0.81
26,7001-6677,UMG 604  ,NRU11A,JanitzaUMG604,Neuruppin ÜST1 15 kV,TCP IP Adresse: 10.76.0.81
27,7002-0226,UMG 604  ,NRU12A,JanitzaUMG604,Neuruppin ÜST2 15kV,TCP IP Adresse: 10.76.0.82
28,7002-0227,UMG 604  ,NRU13A,JanitzaUMG604,Neuruppin ÜST3 15kV,TCP IP Adresse: 10.76.0.83
29,7001-9171,UMG 604  ,NRU14A,JanitzaUMG604,Neuruppin ÜST4 15 kV,TCP IP Adresse: 10.76.0.84
30,7001-9172,UMG 604  ,NRU15A,JanitzaUMG604,Neuruppin ÜST5 15 kV,TCP IP Adresse: 10.76.0.85
31,7000-8946,UMG 604  ,OBU11A,JanitzaUMG604,Oranienburg Nord UGS 20kV,TCP IP Adresse: 10.77.0.81
32,7000-8949,UMG 604  ,OBU11B,JanitzaUMG604,Oranienburg Sued UGS 20kV,TCP IP Adresse: 10.77.0.82
33,7001-1362,UMG 604  ,PAT12A,JanitzaUMG604,Panitzsch UGS 20kV,TCP IP Adresse: 10.62.0.81
34,7001-3409,UMG 604  ,PAT11A,JanitzaUMG604,Panitzsch_Borsdorf UGS 20kV,TCP IP Adresse: 10.62.0.82
35,7001-2878,UMG 604  ,RAK11A,JanitzaUMG604,Rackwitz ÜGST01 20KV,TCP IP Adresse: 10.61.0.81
36,7001-5494,UMG 604  ,RAK12A,JanitzaUMG604,Rackwitz ÜGST02 20KV ,TCP IP Adresse: 10.61.0.82
37,7000-8945,UMG 604  ,SIS11A,JanitzaUMG604,"Sietzsch, UW Reusen,  ÜG01 20kV",TCP IP Adresse: 10.41.0.81
39,7001-5496,UMG 604  ,TAU11A,JanitzaUMG604,Taucha UGS01 10kV,TCP IP Adresse: 10.59.0.81
40,7001-5495,UMG 604  ,TAU12A,JanitzaUMG604,Taucha UGS02 10kV,TCP IP Adresse: 10.59.0.82
41,7002-0258,UMG 604  ,TOR11A,JanitzaUMG604,Torgau UGS 20kV,TCP IP Adresse: 10.64.0.81
43,2200-4527,UMG 508  ,WCK41Z,JanitzaUMG508,UW Gahro 110kV,TCP IP Adresse: 10.231.36.82
44,2200-3562,UMG 508  ,WCK42Z,JanitzaUMG508,Walddrehna UW110KV (UW Weißack Süd),TCP IP Adresse: 10.31.0.81
45,7000-8947,UMG 604  ,WIS11A,JanitzaUMG604,Wismar UGS 20kV,TCP IP Adresse: 10.230.76.81
47,7001-5498,UMG 604  ,GLE11Z,JanitzaUMG604,Glesien UGS01 20kV,TCP IP Adresse: 10.44.0.81
49,7001-8391,UMG 604  ,GGN41Z,JanitzaUMG604,Neuhardenberg I/II UW Gottesgabe Nord 110KV,TCP IP Adresse: 10.156.0.80
51,7001-8387,UMG 604  ,NHB21A,JanitzaUMG604,Neuhardenberg I Zählstation 30 kV ESI36,TCP IP Adresse: 10.156.0.81
52,7001-8390,UMG 604  ,NHB21B,JanitzaUMG604,Neuhardenberg I Zählstation 30 kV ESI38,TCP IP Adresse: 10.156.0.82
53,7001-7607,UMG 604  ,NHB21C,JanitzaUMG604,Neuhardenberg I Zählstation 30 kV ESI40,TCP IP Adresse: 10.156.0.83
54,7001-8385,UMG 604  ,NHB21D,JanitzaUMG604,Neuhardenberg I Zählstation 30 kV ESI30,TCP IP Adresse: 10.156.0.84
55,7001-7608,UMG 604  ,NHB21E,JanitzaUMG604,Neuhardenberg II Zählstation 30 kV ESI100 (Flugplatz Erweiterung),TCP IP Adresse: 10.156.0.85
56,7001-7596,UMG 604  ,LIT41Z,JanitzaUMG604,Litten UW 110kV,TCP IP Adresse: 10.165.0.80
58,7001-7603,UMG 604  ,LIT21A,JanitzaUMG604,Litten Zählstation G1 20kV,TCP IP Adresse: 10.165.0.81
59,7004-4076,UMG 604  ,LIT21B,JanitzaUMG604,Litten Zählstation G2 20kV,TCP IP Adresse: 10.165.0.82
72,7001-8389,UMG 604  ,KAM11A,JanitzaUMG604,Kamenz Übergabestation 10 kV,TCP IP Adresse: 10.67.0.81
75,7001-8386,UMG 604  ,OBR11A,JanitzaUMG604,Rossau Übergabestation 01/20 kV,TCP IP Adresse: 10.56.0.81
76,7001-8424,UMG 604  ,OBR12A,JanitzaUMG604,Rossau Hainichen Übergabestation 02/15 kV,TCP IP Adresse: 10.56.0.82
79,7001-8388,UMG 604  ,CHE11A,JanitzaUMG604,Chemnitz Übergabestation 10KV,TCP IP Adresse: 10.55.0.81
80,7001-8421,UMG 604  ,WAL21A,JanitzaUMG604,Walddrehna I Zählstation 20KV GS1,TCP IP Adresse: 10.31.0.82
81,7001-8422,UMG 604  ,WAL21B,JanitzaUMG604,Walddrehna I Zählstation 20KV GS2,TCP IP Adresse: 10.31.0.83
82,7001-8423,UMG 604  ,WAL21C,JanitzaUMG604,Walddrehna I Zählstation 20KV GS3,TCP IP Adresse: 10.31.0.84
83,7001-7606,UMG 604  ,WAL21D,JanitzaUMG604,Walddrehna I Zählstation 20KV GS4,TCP IP Adresse: 10.31.0.85
84,7004-5080,UMG 604  ,RON11A,JanitzaUMG604,"Janitza electronics GmbH, UMG604-E",TCP IP Adresse: 10.52.0.81
85,7001-4643,UMG 604  ,RON12A,JanitzaUMG604,Ronneburg ÜG02 20KV,TCP IP Adresse: 10.231.148.82
87,7001-9820,UMG 604  ,BBG11A,JanitzaUMG604,Bernburg ÜG01 Süd 20KV,TCP IP Adresse: 10.38.0.81
88,7001-9824,UMG 604  ,BBG12A,JanitzaUMG604,Bernburg Nord ÜG2 20kv,TCP IP Adresse: 10.38.0.82
92,7001-9845,UMG 604  ,DOG11A,JanitzaUMG604,Dölzig ÜG01 20KV,TCP IP Adresse: 10.83.0.81
93,7001-9821,UMG 604  ,WEG11A,JanitzaUMG604,Wegeleben ÜG01 15kV,TCP IP Adresse: 10.37.0.81
94,7001-8878,UMG 604  ,DRD11A,JanitzaUMG604,Dürrröhrsdorf ÜG01 20 KV,TCP IP Adresse: 10.91.0.81
95,7001-8879,UMG 604  ,JAZ11A,JanitzaUMG604,Jatznick ÜG01 20KV,HTTP IP-Adresse: 10.133.0.81:80
96,7001-9823,UMG 604  ,ZWO11A,JanitzaUMG604,Zwochau ÜG01 20KV,TCP IP Adresse: 10.43.0.81
97,7001-9846,UMG 604  ,OSA11A,JanitzaUMG604,Oschatz ÜG01 30KV,TCP IP Adresse: 10.58.0.81
101,7002-0257,UMG 604  ,NBB11A,JanitzaUMG604,Neubrandenburg ÜG 01 20KV,TCP IP Adresse: 10.150.0.81
103,7002-0914,UMG 604  ,FAU11A,JanitzaUMG604,Fränkenau ÜG01 20KV,TCP IP Adresse: 10.102.0.81
104,7002-0255,UMG 604  ,MON11A,JanitzaUMG604,Mockern ÜG01 20KV,TCP IP Adresse: 10.54.0.81
105,7002-0256,UMG 604  ,SKU11A,JanitzaUMG604,Schipkau UG1 20KV,TCP IP Adresse: 10.65.0.81
107,7002-0913,UMG 604  ,FAU11B,JanitzaUMG604,Fränkenau ÜG02 20KV,TCP IP Adresse: 10.102.0.82
108,7001-9822,UMG 604  ,DEZ11A,JanitzaUMG604,Delitzsch Ziehwerk ÜG01 20KV,TCP IP Adresse: 10.42.0.81
109,7004-0356,UMG 604  ,EIS11A,JanitzaUMG604,Eisenach ÜG01 20KV,TCP IP Adresse: 10.50.0.81
110,7001-3526,UMG 604  ,SIS21A,JanitzaUMG604,Bageritz Zählstation 20KV,ModTCP   IP-Adresse: 10.41.10.82; Geräteadresse: 1
111,7001-3408,UMG 604  ,WIN21B,JanitzaUMG604,Bageritz Zählstation 20KV,ModTCP   IP-Adresse: 10.41.20.83; Geräteadresse: 1
112,7002-0254,UMG 604  ,HEL11A,JanitzaUMG604,Hellfeld ÜG01 20KV,TCP IP Adresse: 10.134.0.81
115,7002-2342,UMG 604  ,UST41A,JanitzaUMG604,Untersteinach UW J01 20KV,TCP IP Adresse: 10.95.0.81
116,7001-9184,UMG 604  ,OBS11A,JanitzaUMG604,Zittau ÜG01 20KV,TCP IP Adresse: 10.71.0.81
118,7001-5488,UMG 604  ,COL11A,JanitzaUMG604,ÜG 01 20kV Colbitz,TCP IP Adresse: 10.46.0.81
121,7002-1751,UMG 604  ,GUS11A,JanitzaUMG604,Güstrow ÜG01 20KV,TCP IP Adresse: 10.136.0.81
123,7002-1754,UMG 604  ,MOD11A,JanitzaUMG604,Mösthinsdorf ÜG01 20KV,TCP IP Adresse: 10.39.0.81
125,7002-1805,UMG 604  ,DOG11B,JanitzaUMG604,Doelzig 2 ÜG02 20KV,ModTCP   IP-Adresse: 10.83.0.82; Geräteadresse: 1
126,7002-0912,UMG 604  ,GOZ11A,JanitzaUMG604,Görlitz ÜG01 10kV,TCP IP Adresse: 10.69.0.81
128,7002-1806,UMG 604  ,BIE11A,JanitzaUMG604,Biehla ÜG1/TS02 20KV,TCP IP Adresse: 10.66.0.81
130,7002-1800,UMG 604  ,HOX11A,JanitzaUMG604,Hohenerxleben ÜG01 20KV,TCP IP Adresse: 10.87.0.81
131,7002-5954,UMG 604  ,LIN11A,JanitzaUMG604,Linthe ÜG01 20KV,TCP IP Adresse: 10.79.0.81
134,7002-1753,UMG 604  ,GLA11A,JanitzaUMG604,Glau ÜG01 20KV,TCP IP Adresse: 10.78.0.81
135,7002-5945,UMG 604  ,SWS12A,JanitzaUMG604,Schwabstadl ÜG02 20kV,TCP IP Adresse: 10.141.0.82
136,7002-5947,UMG 604  ,NHD11A,JanitzaUMG604,Neuhardenberg T1 ÜG01 20KV,ModTCP   IP-Adresse: nhd01.gotdns.com; Geräteadresse: 1
137,7002-5944,UMG 604  ,NHD12A,JanitzaUMG604,Neuhardenberg T7 ÜG01 20KV,ModTCP   IP-Adresse: nhd02.gotdns.com; Geräteadresse: 1
138,7002-5949,UMG 604  ,NHD13A,JanitzaUMG604,"Neuhardenberg Flugplatz, Übergabestatioen T3 ÜG01 20KV",ModTCP   IP-Adresse: nhd03.gotdns.com; Geräteadresse: 1
139,7002-5948,UMG 604  ,NHD14A,JanitzaUMG604,"Neuhardenberg T4, Oderbruchstraße ÜG01 20KV",ModTCP   IP-Adresse: nhd04.gotdns.com; Geräteadresse: 1
140,7002-1750,UMG 604  ,DIL11A,JanitzaUMG604,Dietlas ÜG01 20KV,TCP IP Adresse: 10.51.0.81
141,7001-3410,UMG 604  ,GAT41A,JanitzaUMG604,Gattendorf UW Hof Ost 20KV,TCP IP Adresse: 10.97.0.81
142,7002-6714,UMG 604  ,SEL11A,JanitzaUMG604,Seelow ÜG01 20KV,TCP IP Adresse: 10.75.0.81
145,7001-0285,UMG 604  ,LOZ11A,JanitzaUMG604,Löbnitz UW Kenz 20KV,TCP IP Adresse: 10.138.0.81
146,7001-3860,UMG 604  ,TPN11A,JanitzaUMG604,Töpchin ÜG 01 20kV,TCP IP Adresse: 10.73.0.81
147,7002-0259,UMG 604  ,MOL11A,JanitzaUMG604,Moltzow ÜG01 20KV,TCP IP Adresse: 10.230.24.81
148,7002-7882,UMG 604  ,HGN11A,JanitzaUMG604,Hohengöhren ÜG01 20KV,TCP IP Adresse: 10.47.0.81
149,7002-1804,UMG 604  ,SAD11A,JanitzaUMG604,Sandau ÜG01 15KV,TCP IP Adresse: 10.48.0.81
150,7002-6713,UMG 604  ,WEN11A,JanitzaUMG604,Werneuchen 1&2 - Station 1 & 2 & 3 20KV,TCP IP Adresse: 10.231.12.81
151,7002-6711,UMG 604  ,FWA11A,JanitzaUMG604,Fürstenwalde ÜG 01 20KV,TCP IP Adresse: 10.74.0.81
152,7002-6712,UMG 604  ,ROW11A,JanitzaUMG604,Rosswein ÜG 01 20KV,TCP IP Adresse: 10.57.0.81
153,7002-8396,UMG 604  ,KWW11A,JanitzaUMG604,Kleinwusterwitz ÜG01 20KV,TCP IP Adresse: 10.128.0.81
154,7002-5952,UMG 604  ,IMR41A,JanitzaUMG604,Immenreuth UW 20KV,TCP IP Adresse: 10.104.0.81
155,7002-6710,UMG 604  ,WEN21B,JanitzaUMG604,Werneuchen 1 - Station1 20 KV,TCP IP Adresse: 10.231.13.81
156,7001-0287,UMG 604  ,LOK41A,JanitzaUMG604,Löcknitz UW 20 KV,TCP IP Adresse: 10.131.0.81
157,7002-7881,UMG 604  ,KWW12A,JanitzaUMG604,Kleinwusterwitz ÜG02 20KV,TCP IP Adresse: 10.128.0.82
158,7002-5946,UMG 604  ,SWS11A,JanitzaUMG604,Schwabstadl ÜG 01 20kV,TCP IP Adresse: 10.141.0.81
161,7002-1807,UMG 604  ,NOH41A,JanitzaUMG604,Nordholz ÜG01 20KV,TCP IP Adresse: 10.145.0.81
162,7002-8397,UMG 604  ,PAW11A,JanitzaUMG604,Pasewalk PV ÜG01 20KV,TCP IP Adresse: 10.132.0.81
163,7002-8399,UMG 604  ,SGF11A,JanitzaUMG604,Sankt Gangloff ÜG01/TS01 20KV,TCP IP Adresse: 10.101.0.81
164,7002-9414,UMG 604  ,BIT11A,JanitzaUMG604,Bitterfeld ÜG01 20kV,TCP IP Adresse: 10.81.0.81
165,7002-9413,UMG 604  ,KLL11A,JanitzaUMG604,Kleinlangheim ÜG01+TS01 20KV,TCP IP Adresse: 10.142.0.81
167,7002-8398,UMG 604  ,MEW11A,JanitzaUMG604,Meuselwitz ÜG01 20KV,TCP IP Adresse: 10.90.0.81
168,7002-9411,UMG 604  ,COS11A,JanitzaUMG604,Cochstedt Flugplatz 20KV KST01,TCP IP Adresse: 10.109.0.81
170,7002-9855,UMG 604  ,NDF11A,JanitzaUMG604,Reinsdorf am UW 20KV,TCP IP Adresse: 10.84.0.81
171,7001-4936,UMG 604  ,HIL41A,JanitzaUMG604,Haldesleben UW 20kV,TCP IP Adresse: 10.49.0.81
173,7002-9417,UMG 604  ,WFL11A,JanitzaUMG604,Weferlingen Übergabestation 20KV,TCP IP Adresse: 10.127.0.81
176,7003-0867,UMG 604  ,ROI21A,JanitzaUMG604,Roitzsch 20KV Zählstation,TCP IP Adresse: 10.45.0.81
177,7003-0864,UMG 604  ,SBZ21B,JanitzaUMG604,Roitzsch 20KV Zählstation,TCP IP Adresse: 10.45.0.82
178,7002-9416,UMG 604  ,LGB11A,JanitzaUMG604,Langenbogen ÜG01 20KV,TCP IP Adresse: 10.80.0.81
179,7002-8400,UMG 604  ,WZH11A,JanitzaUMG604,Witzleshofen ÜG01 20KV,TCP IP Adresse: 10.96.0.81
180,7003-0628,UMG 604  ,HBH11A,JanitzaUMG604,UW Grimmen Zelle J16 20KV,TCP IP Adresse: 10.36.0.81
181,7000-9095,UMG 604  ,VAL11A,JanitzaUMG604,Vahldorf ÜG01 20KV,TCP IP Adresse: 10.88.0.81
183,7015-6202,UMG 604  ,DIF11A,JanitzaUMG604,Ditfurt 15KV Kombistation,TCP IP Adresse: 10.86.0.81
184,7003-0868,UMG 604  ,WND11A,JanitzaUMG604,Wendorf 20KV Kombistation,TCP IP Adresse: 10.139.0.81
186,7003-0869,UMG 604  ,REB11A,JanitzaUMG604,Reichenbach Kombistation 10KV,TCP IP Adresse: 10.98.0.81
187,7001-4738,UMG 604  ,NHK21A,JanitzaUMG604,Ihlow 20KV UW J10,TCP IP Adresse: 10.157.0.81
188,7003-1227,UMG 604  ,ZWS11A,JanitzaUMG604,Zwintschöna 20KV ÜG01,TCP IP Adresse: 10.93.0.81
189,7003-1697,UMG 604  ,WEN11B,JanitzaUMG604,Werneuchen 3 - Breidtscheidtstr. 20KV ÜG02,TCP IP Adresse: 10.231.14.81
190,7003-0865,UMG 604  ,GST11A,JanitzaUMG604,Güsten Kombistation 01 15KV,TCP IP Adresse: 10.35.0.81
191,7001-4637,UMG 604  ,GNO11A,JanitzaUMG604,Gnölbzig 20KV Übergabestation,TCP IP Adresse: 10.85.0.81
194,7003-1696,UMG 604  ,PZG11A,JanitzaUMG604,Poelzig Bethenhausen ÜG01 20KV,TCP IP Adresse: 10.53.0.81
195,7003-3333,UMG 604  ,HES11A,JanitzaUMG604,Hesserode Kombistation 10KV,TCP IP Adresse: 10.89.0.81
196,7003-2764,UMG 604  ,ANK11A,JanitzaUMG604,Anklam Zuse Straße ÜG01 20KV,TCP IP Adresse: 10.140.0.81
197,7003-1853,UMG 604  ,HGN11B,JanitzaUMG604,Hohengoehren ÜG02 20KV,TCP IP Adresse: 10.47.0.82
198,7003-3927,UMG 604  ,LIB11A,JanitzaUMG604,Liebersee UW Belgern ÜG01 20KV,TCP IP Adresse: 10.108.0.81
199,7002-8401,UMG 604  ,VIL01V,JanitzaUMG604,Villeneuve,ModTCP   IP-Adresse: 185.15.32.190; Geräteadresse: 1
200,7003-3331,UMG 604  ,GOZ11C,JanitzaUMG604,Görlitz 03 ÜG01 20KV,TCP IP Adresse: 10.70.0.81
201,7003-3332,UMG 604  ,HGW11A,JanitzaUMG604,Hagenwerder ÜG01 10KV,ModTCP   IP-Adresse: 10.106.0.81; Geräteadresse: 1
202,7003-3335,UMG 604  ,HSB21A,JanitzaUMG604,Hoerselberg Hainichen Kombistation 01 20KV,TCP IP Adresse: 10.94.0.81
204,7002-9415,UMG 604  ,WON21A,JanitzaUMG604,Woggersin Schlossstraße 11A 20KV KST01,TCP IP Adresse: 10.135.0.81
205,7003-3930,UMG 604  ,NOD11A,JanitzaUMG604,Norden ÜG01 20KV,TCP IP Adresse: 10.144.0.81
206,7003-3336,UMG 604  ,WEA11A,JanitzaUMG604,Weira ÜG01 20KV ,TCP IP Adresse: 10.99.0.81
208,7003-3924,UMG 604  ,GLF11A,JanitzaUMG604,Glasin Fuchsberg ÜG01 20KV,TCP IP Adresse: 10.137.0.81
209,7003-3334,UMG 604  ,NAG21A,JanitzaUMG604,Naumburg Wilhelm Franke Straße KST01 20KV,TCP IP Adresse: 10.103.0.81
210,7001-6482,UMG 604  ,OBN11A,JanitzaUMG604,Oberroeblingen Handelsweg KST01 20KV,TCP IP Adresse: 10.143.0.81
211,7003-3933,UMG 604  ,SEB11A,JanitzaUMG604,Selb ÜG 01 20KV,TCP IP Adresse: 10.105.0.81
212,7012-1595,UMG 604  ,ERM11A,JanitzaUMG604,Ermlitz-Schkopau01 ÜG01 20KV,TCP IP Adresse: 10.34.0.81
213,7003-3925,UMG 604  ,STF31A,JanitzaUMG604,Stassfurt01 in TS01 20KV,TCP IP Adresse: 10.33.1.81
214,7000-8380,UMG 604  ,Köthen INV 01.02,JanitzaUMG604,Janitza UMG 604,TCP IP Adresse: 10.197.0.82
215,7000-8378,UMG 604  ,Köthen INV 02.03,JanitzaUMG604,Janitza UMG 604,TCP IP Adresse: 10.197.0.83
216,7000-8381,UMG 604  ,Köthen INV 02.04,JanitzaUMG604,Janitza UMG 604,TCP IP Adresse: 10.197.0.84
217,7000-8343,UMG 604  ,Köthen INV 03.05,JanitzaUMG604,Janitza UMG 604,TCP IP Adresse: 10.197.0.85
218,7000-8379,UMG 604  ,Köthen INV 03.06,JanitzaUMG604,Janitza UMG 604,TCP IP Adresse: 10.197.0.86
221,7003-3929,UMG 604  ,KLD11A,JanitzaUMG604,Kläden Steinfeld Altmark ÜG01 30KV,TCP IP Adresse: 10.210.0.81
225,7003-6846,UMG 604  ,SAF41A,JanitzaUMG604,Salzwedel Wiesenstraße UW 15KV,TCP IP Adresse: 10.114.0.81
234,7003-5553,UMG 604  ,BBG11C,JanitzaUMG604,Bernburg 02 20KV ÜG03 Süd,TCP IP Adresse: 10.38.0.83
235,7003-3928,UMG 604  ,GRW21A,JanitzaUMG604,PVA Grabow 20KV KST01,TCP IP Adresse: 10.111.0.81
236,7003-5608,UMG 604  ,SAC21A,JanitzaUMG604,Salzwedel-Ritze KST01 15KV,TCP IP Adresse: 10.112.0.81
237,7003-5609,UMG 604  ,GEH21A,JanitzaUMG604,Gehren Kombistation 01 20KV,TCP IP Adresse: 10.116.0.81
238,7003-5607,UMG 604  ,MAS21A,JanitzaUMG604,Massbach Zählstation 20KV ,TCP IP Adresse: 10.113.0.81
240,7003-5549,UMG 604  ,KRF41A,JanitzaUMG604,UW Wichmannsdorf 20KV J16,TCP IP Adresse: 10.115.0.81
241,7003-5552,UMG 604  ,CAF41A,JanitzaUMG604,UW Cahnsdorf 110KV zu J03 20KV,TCP IP Adresse: 10.110.0.81
243,7003-3932,UMG 604  ,NAN21A,JanitzaUMG604,"Nauen, PVA NEukammer ÜG01 15kV",TCP IP Adresse: 10.149.0.81
244,7003-7834,UMG 604  ,BIS21A,JanitzaUMG604,Bienstädt Warte Kombistation 03 20KV,ModTCP   IP-Adresse: 10.126.0.81; Geräteadresse: 1
246,7003-7832,UMG 604  ,MAL21A,JanitzaUMG604,Malliss 01 Kombistation01 20KV,TCP IP Adresse: 10.147.0.81
247,7003-3931,UMG 604  ,CAF21A,JanitzaUMG604,Cahnsdorf TS05 20KV - CAF BA1,TCP IP Adresse: 10.110.0.82
251,7003-7835,UMG 604  ,GLB21A,JanitzaUMG604,Glücksburg Bahnhofstrasse 15KV Kombistation01,TCP IP Adresse: 10.146.0.81
252,7003-9060,UMG 604  ,PAR41A,JanitzaUMG604,Lupburg01 UW Pasberg ÜG01 110KV,TCP IP Adresse: 10.148.0.81
253,7003-8631,UMG 604  ,NDF31A,JanitzaUMG604,Nemsdorf TS07 400V,TCP IP Adresse: 10.84.7.81
254,7003-8632,UMG 604  ,NDF31B,JanitzaUMG604,Nemsdorf TS08 400V,TCP IP Adresse: 10.84.8.81
257,7003-7836,UMG 604  ,SWS13A,JanitzaUMG604,Schwabstadel 03 ÜG01 20KV,TCP IP Adresse: 10.152.0.81
258,7004-9985,UMG 604  ,GRR11A,JanitzaUMG604,Lalendorf 20KV ÜG01,TCP IP Adresse: 10.151.0.81
295,7004-0354,UMG 604  ,HET21A,JanitzaUMG604,Hettstedt KST02 20KV,TCP IP Adresse: 10.153.0.81
299,7003-8719,UMG 604  ,WED41A,JanitzaUMG604,UW Tempelfelde 20KV J13,TCP IP Adresse: 10.154.0.81
303,7003-8724,UMG 604  ,ZHN41A,JanitzaUMG604,UW Neudorf 110KV,TCP IP Adresse: 10.171.0.81
306,7004-0358,UMG 604  ,RBR11A,JanitzaUMG604,Regies-Breitingen 20KV ÜG01,TCP IP Adresse: 10.159.0.81
307,7003-7831,UMG 604  ,DRO41A,JanitzaUMG604,Drochtersen Statde 20KV ÜG01,TCP IP Adresse: 10.160.0.81
308,7004-4079,UMG 604  ,PAR41C,JanitzaUMG604,Messung Sternpunktbildner,TCP IP Adresse: 10.148.0.83
309,7004-4077,UMG 604  ,PAR41B,JanitzaUMG604,20kV Abgang J04,TCP IP Adresse: 10.148.0.82
310,7003-5143,UMG 604  ,GRO11A,JanitzaUMG604,Großörner ÜST am UW Hettstedt 20KV ÜG01,TCP IP Adresse: 10.158.0.81
328,7003-7829,UMG 604  ,SCS21A,JanitzaUMG604,Schleusingen 20KV KST01,TCP IP Adresse: 10.155.0.81
336,7004-0357,UMG 604  ,SIL11A,JanitzaUMG604,UW Putlitz Süd ÜG01 20KV,TCP IP Adresse: 10.167.0.81
343,7003-8722,UMG 604  ,BUB11A,JanitzaUMG604,UW Erlangen 20KV J02,TCP IP Adresse: 10.168.0.81
344,2201-8180,UMG 508  ,HOF31A,JanitzaUMG508,Lupburg Hohenfels TS02 ACCB 02.11.,TCP IP Adresse: 10.148.32.81
345,2201-8183,UMG 508  ,HOF31B,JanitzaUMG508,Lupburg Hohenfels TS03 ACCB 03.04.,TCP IP Adresse: 10.148.33.81
346,7004-5085,UMG 604  ,ALT21A,JanitzaUMG604,NS-Janitza Althen 2,TCP IP Adresse: 10.161.0.81
357,7004-6436,UMG 604  ,PRE41Z,JanitzaUMG604,UW Prenzlau 20KV J03,TCP IP Adresse: 10.170.0.81
358,7004-8162,UMG 604  ,ZHN41B,JanitzaUMG604,UW Neudorf 20kV Abgang J02 ZST01,TCP IP Adresse: 10.171.0.82
359,7004-8159,UMG 604  ,ZHN41C,JanitzaUMG604,UW Neudorf 20kV Abgang J05 ZST02,TCP IP Adresse: 10.171.0.83
360,7004-5076,UMG 604  ,ZHN21A,JanitzaUMG604,Zeithain ZHN-A-ZST01 20KV J06,TCP IP Adresse: 10.171.1.81
361,7004-5083,UMG 604  ,ZHN21B,JanitzaUMG604,Zeithain ZHN-A-ZST01 20KV J07,TCP IP Adresse: 10.171.1.82
362,7003-3926,UMG 604  ,ZHN21C,JanitzaUMG604,Zeithain ZHN-A-ZST01 20KV J08,TCP IP Adresse: 10.171.1.83
363,7004-5084,UMG 604  ,ZHN21D,JanitzaUMG604,Zeithain ZHN-A-ZST01 20KV J09,TCP IP Adresse: 10.171.1.84
364,7004-8158,UMG 604  ,ZHN22A,JanitzaUMG604,ZST02 20kV Abgang J06,TCP IP Adresse: 10.171.2.81
365,7004-8161,UMG 604  ,ZHN22B,JanitzaUMG604,ZST02 20kV Abgang J07,TCP IP Adresse: 10.171.2.82
366,7004-8163,UMG 604  ,ZHN22C,JanitzaUMG604,ZST02 20kV Abgang J08,TCP IP Adresse: 10.171.2.83
367,7004-8160,UMG 604  ,ZHN22D,JanitzaUMG604,ZST02 20kV Abgang J09,TCP IP Adresse: 10.171.2.84
371,7004-5082,UMG 604  ,ALD41A,JanitzaUMG604,"UW Wittstock Schaltfeld J37 20KV (Alt Daber 2,3,4)",TCP IP Adresse: 10.172.0.81
372,7004-5078,UMG 604  ,OSA11B,JanitzaUMG604,Oschatz02 Striesa ÜG01 20KV,TCP IP Adresse: 10.63.0.81
373,7004-3229,UMG 604  ,SBK41A,JanitzaUMG604,20kV UW Nord Neumünster PVA Schönbek,TCP IP Adresse: 10.169.0.81
374,7004-0352,UMG 604  ,GUO21A,JanitzaUMG604,Güstrow Ost 20KV KST01,TCP IP Adresse: 10.68.1.81
375,7004-0355,UMG 604  ,GRF21A,JanitzaUMG604,Gräfenhainichen01 20KV KST01,TCP IP Adresse: 10.163.0.81
380,7004-5086,UMG 604  ,OBS21A,JanitzaUMG604,Oberseifersdorf 03 + 04 20KV KST10,TCP IP Adresse: 10.173.0.81
381,7004-7292,UMG 604  ,WER21A,JanitzaUMG604,Werdau 10kV ÜST01,TCP IP Adresse: 10.175.0.81
383,7004-7538,UMG 604  ,DOR21A,JanitzaUMG604,Arsendorf 20KV KST01,TCP IP Adresse: 10.178.0.81
389,7004-7287,UMG 604  ,LET41A,JanitzaUMG604,UW Letschin 20KV J31 Block D,TCP IP Adresse: 10.177.0.81
390,7004-5197,UMG 604  ,MOH41A,JanitzaUMG604,UW Süderbrarup 20KV PV Mohrkirch und PVA Saustrup J21,TCP IP Adresse: 10.174.0.81
396,7004-5081,UMG 604  ,FIK11A,JanitzaUMG604,FIK-A-ÜST01 Bütow 20KV,TCP IP Adresse: 10.176.0.81
400,7004-7290,UMG 604  ,EMK21A,JanitzaUMG604,Emkendorf KST01 20KV,TCP IP Adresse: 10.179.0.81
401,7004-5079,UMG 604  ,ALD11A,JanitzaUMG604,Alt Daber 20KV ÜST01,TCP IP Adresse: 10.181.0.81
403,7004-7291,UMG 604  ,KMN11A,JanitzaUMG604,UW Greifswald ÜST01 20KV,TCP IP Adresse: 10.182.0.81
404,7004-9990,UMG 604  ,WUS41A,JanitzaUMG604,Anklam UW-Anklam 20KV,TCP IP Adresse: 10.183.0.81
405,7008-4225,UMG 604  ,SOE41A,JanitzaUMG604,20kV UW Schwensby Zelle J23,TCP IP Adresse: 10.180.0.81
407,7003-8723,UMG 604  ,ELL11A,JanitzaUMG604,Nortrof ÜST01 20KV,TCP IP Adresse: 10.186.0.81
408,7004-7293,UMG 604  ,BRU11A,JanitzaUMG604,Brüsewitz 20KV BRU-A-KST01,TCP IP Adresse: 10.187.0.81
409,7004-9714,UMG 604  ,FEU11A,JanitzaUMG604,Feuchtwangen FEU-01-ÜST01 20KV,TCP IP Adresse: 10.185.0.81
410,7004-9711,UMG 604  ,FRL11A,JanitzaUMG604,Frankleben 20KV ÜST01,TCP IP Adresse: 10.189.0.81
411,7004-9702,UMG 604  ,BLB21A,JanitzaUMG604,Baalberge BLB-01-KST02,TCP IP Adresse: 10.190.0.81
412,7004-9712,UMG 604  ,POL21A,JanitzaUMG604,Poley POL-01-KST01 20KV,TCP IP Adresse: 10.188.0.81
413,7004-7294,UMG 604  ,HOK21A,JanitzaUMG604,Hohenkirchen 20KV KST04,TCP IP Adresse: 10.192.0.81
414,7005-5637,UMG 604  ,KOZ41A,JanitzaUMG604,UW Hof West 20KV,TCP IP Adresse: 10.191.0.81
415,7004-9707,UMG 604  ,MIN11A,JanitzaUMG604,Mindorf01 MIN-01-ÜST01 20KV,TCP IP Adresse: 10.193.0.81
416,7004-7288,UMG 604  ,GRH11A,JanitzaUMG604,Grotenheit Ellerdorfer Weg 20KV ÜST-01,TCP IP Adresse: 10.196.0.81
417,7005-1251,UMG 604  ,MFS11A,JanitzaUMG604,Mansfeld MFS-01-ÜST01 20KV,TCP IP Adresse: 10.194.0.81
422,7003-7047,UMG 604  ,LUR41A,JanitzaUMG604,Lürschau+ Bollingstedt in UW Jübek Ost 110KV,TCP IP Adresse: 10.199.0.81
432,7005-1372,UMG 604  ,FEL11A,JanitzaUMG604,UW Felde ÜST-A-TST01 20KV ,TCP IP Adresse: 10.201.0.81
433,7005-7404,UMG 604  ,DRE41A,JanitzaUMG604,UW Drechow PVA Drechow 110kV,TCP IP Adresse: 10.203.0.81
437,7004-9986,UMG 604  ,UW Hof,JanitzaUMG604,UW Hof Jägersruh 110KV UW,TCP IP Adresse: 10.205.0.81
439,7005-1368,UMG 604  ,ALB11A,JanitzaUMG604,Altenberg 20KV ALB-A-ÜST-01,TCP IP Adresse: 10.204.10.81
440,7005-1371,UMG 604  ,ALB12A,JanitzaUMG604,Altenberg 20KV ALB-B-ÜST-02,TCP IP Adresse: 10.204.20.81
441,7004-7289,UMG 604  ,NOR11A,JanitzaUMG604,"Weimar 10, Ehringsdorf, Nohra PV3",TCP IP Adresse: 10.198.0.81
443,7005-1373,UMG 604  ,ENG11A,JanitzaUMG604,Engerhafe 20KV ENG-A-ÜST-01,TCP IP Adresse: 10.206.0.81
459,7004-7295,UMG 604  ,WUS11A,JanitzaUMG604,Lüskow Wusseken03 20KV ÜST01,TCP IP Adresse: 10.183.0.83
469,7005-7931,UMG 604  ,UW Kallmünz,JanitzaUMG604,"PVA Kallmünz, Effenricht, Eichensee, Kühnhausen, Fichten 110kV",HTTP IP-Adresse: 10.24.0.81:80
474,7005-1370,UMG 604  ,MAW21A,JanitzaUMG604,Marlow KST-01 20KV,TCP IP Adresse: 10.202.0.81
475,7004-9988,UMG 604  ,DOE41A,JanitzaUMG604,Döhlau 20KV DOE-A-ÜW-01,TCP IP Adresse: 10.208.0.81
476,7005-1374,UMG 604  ,UPA11A,JanitzaUMG604,Uphal Gewerbegebiet ÜST01 20KV,TCP IP Adresse: 10.209.0.81
477,7005-1375,UMG 604  ,GOZ11E,JanitzaUMG604,Görlitz 05 ÜG01 10KV,TCP IP Adresse: 10.207.0.81
493,7004-9703,UMG 604  ,FRO11A,JanitzaUMG604,Janitza 20kV KST Fröttstädt,TCP IP Adresse: 10.212.0.81
494,7005-9111,UMG 604  ,SGA11A,JanitzaUMG604,Sangonera 20KV SGA-A-ÜST-01,TCP IP Adresse: 10.230.3.81
495,7005-4146,UMG 604  ,SGA12A,JanitzaUMG604,Sangonera 20KV SGA-A-ÜST-02,TCP IP Adresse: 10.230.3.82
496,7005-9693,UMG 604  ,OLI11A,JanitzaUMG604,Olivares 20KV OLI-A-UW,TCP IP Adresse: 10.230.2.81
505,7004-7296,UMG 604  ,NST11A,JanitzaUMG604,Neustrelitz 20KV Übergabestation,TCP IP Adresse: 10.230.34.81
508,7005-4441,UMG 604  ,HES21A,JanitzaUMG604,Hesserode 2 20KV HES02-A-ÜST-01,HTTP IP-Adresse: 10.230.29.81:80
510,7005-8321,UMG 604  ,UW Dinau,JanitzaUMG604,Dinau 110kV <-> 30kV,HTTP IP-Adresse: 10.230.200.81:80
511,7004-9704,UMG 604  ,GOR11A,JanitzaUMG604,Gornau 10KV GOR-A-ÜST-01,TCP IP Adresse: 10.230.33.81
516,7005-1376,UMG 604  ,AGD11A,JanitzaUMG604,Angersdorf 20KV AGD-A-ÜST-01,TCP IP Adresse: 10.230.36.81
517,7005-1367,UMG 604  ,HOM11A,JanitzaUMG604,Horstmar 30KV HOM-A-ÜST-01,TCP IP Adresse: 10.230.31.81
520,7005-4454,UMG 604  ,COW21A,JanitzaUMG604,Coswig Gewerbestrasse 20KV Kombistation,TCP IP Adresse: 10.230.32.81
521,7005-4452,UMG 604  ,MFV11A,JanitzaUMG604,Mansfeld Vatterröder Straße 20KV MFV-A-ÜST-01,TCP IP Adresse: 10.230.30.81
522,7004-9987,UMG 604  ,KUP41A,JanitzaUMG604,UW Marktleugast 20KV J03,TCP IP Adresse: 10.230.44.81
523,7005-6785,UMG 604  ,HLC11A,JanitzaUMG604,Helechal 22KV HLC-A-ÜST-01,ModTCP   IP-Adresse: 10.230.1.81; Geräteadresse: 1
524,7004-9706,UMG 604  ,SVH11A,JanitzaUMG604,Stavenhagen 20KV SVH-A-ÜST-01,TCP IP Adresse: 10.230.11.81
525,7006-5486,UMG 604  ,GOE11A,JanitzaUMG604,Gölzau 20KV GOE-A-ÜST-01,TCP IP Adresse: 10.230.41.81
526,7006-6989,UMG 604  ,LDB03_11A,JanitzaUMG604,Landsberg 3 20KV LDB03-A-ÜST-01,TCP IP Adresse: 10.82.40.81
537,7006-9808,UMG 604  ,BOR11A,JanitzaUMG604,Borken 20KV BOR-A-ÜST-01,ModTCP   IP-Adresse: 10.230.42.81; Geräteadresse: 1
538,7006-0034,UMG 604  ,KRO41A,JanitzaUMG604,UW Neumünster Nord 20KV,TCP IP Adresse: 10.230.12.81
541,7001-7597,UMG 604  ,JAR41A,JanitzaUMG604,UW Jarmen J15 20KV,TCP IP Adresse: 10.230.28.81
546,7009-0701,UMG 604  ,WSD41A,JanitzaUMG604,Wiesau Schönhaid + Fürstenhof 20KV WSD-A-UWS-J07F,ModTCP   IP-Adresse: 10.230.64.81; Geräteadresse: 1
547,7007-0537,UMG 604  ,POP41A,JanitzaUMG604,Maßbach Popenlaue 20KV POP-A-UW-J11,ModTCP   IP-Adresse: 10.230.37.81; Geräteadresse: 1
549,7007-3413,UMG 604  ,FOE11A,JanitzaUMG604,Förderstedt Übergabestation 20KV,ModTCP   IP-Adresse: 10.230.46.81; Geräteadresse: 1
551,7007-3412,UMG 604  ,NRU21A,JanitzaUMG604,Kombistation 15KV Neuruppin 750KW,HTTP IP-Adresse: 10.230.38.81:80
555,7007-1393,UMG 604  ,DOR211A,JanitzaUMG604,Dornstedt 20KV DOR-A-ÜST-02,ModTCP   IP-Adresse: 10.178.10.81; Geräteadresse: 1
557,7006-3169,UMG 604  ,SCO11A,JanitzaUMG604,Son Corco 15KV SCO-A-ÜST-01,ModTCP   IP-Adresse: 10.230.4.81; Geräteadresse: 1
559,7007-3376,UMG 604  ,GRU11A,JanitzaUMG604,Anlagenname 20KV GRU-A-ÜST-01,ModTCP   IP-Adresse: 10.230.128.81; Geräteadresse: 1
561,7006-9876,UMG 604  ,WHA11A,JanitzaUMG604,Wilhelmshaven 20KV WHA-A-ÜST-01,ModTCP   IP-Adresse: 10.230.180.81; Geräteadresse: 1
565,7004-9705,UMG 604  ,WIL11A,JanitzaUMG604,Wilster ÜST01 20KV ,ModTCP   IP-Adresse: 10.230.47.81; Geräteadresse: 1
566,7007-5433,UMG 604  ,BUE11A,JanitzaUMG604,"Büdingen 20,8KV BUE-A-ÜST-01",ModTCP   IP-Adresse: 10.230.136.81; Geräteadresse: 1
570,7006-5488,UMG 604  ,SMW41A,JanitzaUMG604,UW Schmarsow PVA Gaarz 110kV,HTTP IP-Adresse: 10.230.144.81:80
571,7007-5750,UMG 604  ,GAA21A,JanitzaUMG604,Zählstation H01 30KV,HTTP IP-Adresse: 10.230.145.81:80
572,7007-5746,UMG 604  ,GAA21B,JanitzaUMG604,Zählstation H02 30KV,HTTP IP-Adresse: 10.230.145.82:80
573,7007-5760,UMG 604  ,GAA21C,JanitzaUMG604,Zählstation H04 30KV,HTTP IP-Adresse: 10.230.145.83:80
574,7007-5759,UMG 604  ,GAA21D,JanitzaUMG604,Zählstation H05 30KV,HTTP IP-Adresse: 10.230.145.84:80
580,7007-1749,UMG 604  ,WON11B,JanitzaUMG604,Woggersin02 20KV WON02-A-ÜST-01,HTTP IP-Adresse: 10.135.10.81:80
581,7006-8308,UMG 604  ,BRI11A,JanitzaUMG604,Brickeln 20KV BRI-A-ÜST-01,HTTP IP-Adresse: 10.230.43.81:80
583,7006-5489,UMG 604  ,WEW41A,JanitzaUMG604,UW Weidnitz PVA Hochstadt 110kV,HTTP IP-Adresse: 10.230.16.81:80
584,7007-1735,UMG 604  ,FIS11A,JanitzaUMG604,Fischbeck 20KV FIS-A-ÜST-01,HTTP IP-Adresse: 10.230.56.81:80
587,7004-7440,UMG 604  ,MDM11A,JanitzaUMG604,"Middenmeer 0,4KV MDM-A-TST-01",HTTP IP-Adresse: 10.230.27.81:80
588,7006-3172,UMG 604  ,SCM11A,JanitzaUMG604,"Sa Cometa 15,4KV SCM-A-ÜST-01",HTTP IP-Adresse: 10.230.7.81:80
590,7006-3170,UMG 604  ,NAR11A,JanitzaUMG604,Na Rectora 20KV NAR-A-ÜST-01,HTTP IP-Adresse: 10.230.8.81:80
591,7006-5352,UMG 604  ,ALI11A,JanitzaUMG604,"Alicanti 15,4KV SAT-A-ÜST-01",HTTP IP-Adresse: 10.230.9.81:80
592,7006-5353,UMG 604  ,SPO11A,JanitzaUMG604,"Son Pons 15,4KV SAT-A-ÜST-01",HTTP IP-Adresse: 10.230.6.81:80
593,7006-3171,UMG 604  ,SAT11A,JanitzaUMG604,"Sa Tanca 15,4KV SAT-A-ÜST-01",HTTP IP-Adresse: 10.230.5.81:80
596,7007-3965,UMG 604  ,ATZ11A,JanitzaUMG604,Atzendorf 20KV ATZ-A-ÜST-01,HTTP IP-Adresse: 10.230.80.81:80
604,7006-9551,UMG 604  ,PEL11A,JanitzaUMG604,Pentling 20KV PEL-A-ÜST-01,HTTP IP-Adresse: 10.230.68.81:80
622,7006-8307,UMG 604  ,BOK11A,JanitzaUMG604,Bokel 20KV BOK-A-ÜST-01,HTTP IP-Adresse: 10.196.10.81:80
624,7007-8534,UMG 604  ,DUH11A,JanitzaUMG604,Dürrenhofe 20KV KRZ-A-ÜST-01,ModTCP   IP-Adresse: 10.230.120.81; Geräteadresse: 1
625,7007-7542,UMG 604  ,CLZ11A,JanitzaUMG604,Clausthal-Zellerfeld 20KV CLZ-A-ÜST-01,ModTCP   IP-Adresse: 10.230.148.81; Geräteadresse: 1
626,7006-5496,UMG 604  ,EBE41A,JanitzaUMG604,UW Ebern 110KV,HTTP IP-Adresse: 10.230.48.81:80
630,7006-6217,UMG 604  ,SOM11A,JanitzaUMG604,"SOM MOIX 15,4KV SOM-A-ÜST-01",HTTP IP-Adresse: 10.230.10.81:80
631,7006-9772,UMG 604  ,CBO11A,JanitzaUMG604,"CAN BASSO 15,4KV CBO-A-ÜST-01",HTTP IP-Adresse: 10.230.92.81:80
638,7007-2552,UMG 604  ,TEU41A,JanitzaUMG604,UW Teutschentahl,ModTCP   IP-Adresse: 10.230.156.81; Geräteadresse: 1
640,7006-8080,UMG 604  ,PUK11A,JanitzaUMG604,Bentwisch ÜST01 20KV,HTTP IP-Adresse: 10.230.40.81:80
643,7007-8532,UMG 604  ,HVB11A,JanitzaUMG604,Havelberg 15KV HVB-A-ÜST-01,HTTP IP-Adresse: 10.230.132.81:80
644,7006-9774,UMG 604  ,NSI11A,JanitzaUMG604,"NA SIQUIA 15,4KV NSI-A-KST-01",ModTCP   IP-Adresse: 10.230.100.81; Geräteadresse: 1
645,7010-6753,UMG 604  ,CAM11A,JanitzaUMG604,Can Mas 15KV CAM-A-ÜST-01,HTTP IP-Adresse: 10.230.96.81:80
647,7007-0556,UMG 604  ,WTK31A,JanitzaUMG604,Schaltstation RL5 SA Tarmstedt J01 (Westertimke_20kV),HTTP IP-Adresse: 10.230.124.81:80
648,7007-3505,UMG 604  ,SBK0211A,JanitzaUMG604,Schönbek / Dätgen 20KV SBK-A-UW-01,HTTP IP-Adresse: 10.230.89.81:80
649,7006-7829,UMG 604  ,GOK11A,JanitzaUMG604,Gokels 20KV UW Hademarschen,HTTP IP-Adresse: 10.230.39.81:80
651,7008-5607,UMG 604  ,TEU21B,JanitzaUMG604,Teutschenthal 30kV TEU-A-ZST-01 H03,HTTP IP-Adresse: 10.230.156.83:80
655,7008-7681,UMG 604  ,TEU21A,JanitzaUMG604,Teutschenthal 30KV TEU-A-ZST-01 H01,HTTP IP-Adresse: 10.230.156.82:80
665,7007-1731,UMG 604  ,LWL11A,JanitzaUMG604,LWL-A-ÜST01 20KV Schweriner Allee,HTTP IP-Adresse: 10.230.45.81:80
667,7007-8536,UMG 604  ,BRZ11A,JanitzaUMG604,Brentz 20KV BRZ-A-ÜST-01,TCP IP Adresse: 10.230.140.81
668,7008-2740,UMG 604  ,QST41A,JanitzaUMG604,Quarnstedt im UW Kellinghusen 20KV J19,ModTCP   IP-Adresse: 10.230.84.81; Geräteadresse: 1
669,7006-9771,UMG 604  ,RNO11A,JanitzaUMG604,"Rotes Noves 15,5KV RNO-A-KST-01",HTTP IP-Adresse: 10.230.112.81:80
670,7007-3286,UMG 604  ,BUN11A,JanitzaUMG604,"Buniferri 16,5KV BUN-A-ÜST-01",HTTP IP-Adresse: 10.230.116.81:80
671,7007-7519,UMG 604  ,CIR11A,JanitzaUMG604,"Els Cirerers 16,5KV CIR-A-ÜST-01",HTTP IP-Adresse: 10.230.168.81:80
672,7008-6483,UMG 604  ,HOG21A,JanitzaUMG604,Hohengüstow 20KV,TCP IP Adresse: 10.230.224.81
675,7008-2559,UMG 604  ,NES11A,JanitzaUMG604,Neustadt Süd H.d.S 20KV NES-A-ÜST-01,ModTCP   IP-Adresse: 10.231.8.81; Geräteadresse: 1
679,7001-6263,UMG 604  ,DAN41A,JanitzaUMG604,UW Wasserleben J21 20KV,TCP IP Adresse: 10.231.44.81
680,7008-5566,UMG 604  ,STA11A,JanitzaUMG604,Stadtallendorf 20KV STA-A-ÜST-01 J06 (EEG),HTTP IP-Adresse: 10.231.4.81:80
690,7008-9831,UMG 604  ,LAU41A,JanitzaUMG604,UW Frischborn  PVA Lauterbach 110kV,TCP IP Adresse: 10.230.60.80
691,7007-0557,UMG 604  ,LAU42A,JanitzaUMG604,Lauterbach 30KV LAU-A-UW-01 EEG,TCP IP Adresse: 10.230.60.81
693,7007-0554,UMG 604  ,LAU43A,JanitzaUMG604,Lauterbach 30KV LAU-A-UW-01 PPA,TCP IP Adresse: 10.230.60.82
696,7007-6726,UMG 604  ,NSR21A,JanitzaUMG604,GAA-A-ZST02 30KV an der B103,HTTP IP-Adresse: 10.230.146.81:80
697,7009-1115,UMG 604  ,SWA11A,JanitzaUMG604,Schwanebeck 20KV SWA-A-KST-01,TCP IP Adresse: 10.231.40.81
698,7007-0157,UMG 604  ,MVL41A,JanitzaUMG604,Marville UW 75MW,HTTP IP-Adresse: 10.230.72.80:80
699,7007-0150,UMG 604  ,MVL21A,JanitzaUMG604,"Marville 1, PMS 1, 9.985 kWp",HTTP IP-Adresse: 10.230.72.81:80
700,7006-9776,UMG 604  ,MVL21B,JanitzaUMG604,"Marville 2, PMS 2, 17.546 kWp",HTTP IP-Adresse: 10.230.72.82:80
701,7007-0159,UMG 604  ,MVL21C,JanitzaUMG604,"Marville 3, PMS3 , 17.755 kWp",HTTP IP-Adresse: 10.230.72.83:80
702,7007-0156,UMG 604  ,MVL21D,JanitzaUMG604,"Marville 4, PMS 4, 18.445 kWp",HTTP IP-Adresse: 10.230.72.84:80
703,7007-0155,UMG 604  ,MVL21E,JanitzaUMG604,"Marville 5, PMS 5, 11.513 kWp",HTTP IP-Adresse: 10.230.72.85:80
704,7008-7350,UMG 604  ,STA11B,JanitzaUMG604,Stadtallendorf 20KV STA-A-ÜST-01 J01 750 PVA Stadt,TCP IP Adresse: 10.231.76.81
705,7007-7525,UMG 604  ,SMA11A,JanitzaUMG604,"Son Manenta 16,5KV SMA-A-ÜST-01",HTTP IP-Adresse: 10.230.232.81:80
706,7008-2281,UMG 604  ,TEU0311A,JanitzaUMG604,Teutschenthal-03 20KV TEU03-A-ÜST-01,ModTCP   IP-Adresse: 10.230.152.81; Geräteadresse: 1
707,7008-8579,UMG 604  ,KLS11A,JanitzaUMG604,Klein Laasch 20KV KLS-A-ÜST-01,ModTCP   IP-Adresse: 10.230.252.81; Geräteadresse: 1
708,7008-8890,UMG 604  ,STA211A,JanitzaUMG604,Stavenhagen02 20KV STA2-A-ÜST-01,HTTP IP-Adresse: 10.231.24.81:80
709,7010-0616,UMG 604  ,STL11A,JanitzaUMG604,Staßfurt Löbnitzer Weg 20KV STL-A-ÜST-01,TCP IP Adresse: 10.230.176.81
712,7008-6482,UMG 604  ,SPR11A,JanitzaUMG604,Spören 20KV SPR-A-ÜST-01,HTTP IP-Adresse: 10.230.244.81:80
713,7008-4970,UMG 604  ,NEU11A,JanitzaUMG604,Neuburg 20KV NEU-A-KST-01,HTTP IP-Adresse: 10.231.20.81:80
714,7007-7524,UMG 604  ,SPA11A,JanitzaUMG604,"Son Pere Andreu 16,5KV SPA-A-ÜST-01",HTTP IP-Adresse: 10.230.228.81:80
715,7007-3288,UMG 604  ,MLL11A,JanitzaUMG604,"Mariano Lluqui 16,5KV MLL-A-ÜST-01",HTTP IP-Adresse: 10.230.108.81:80
716,7007-6664,UMG 604  ,FLH41A,JanitzaUMG604,UW Niebüll 20KVPVA Flützholm J108,ModTCP   IP-Adresse: 10.231.32.81; Geräteadresse: 1
717,7008-5564,UMG 604  ,OET11A,JanitzaUMG604,Oettelin 20KV OET-A-ÜST-01,TCP IP Adresse: 10.231.16.81
718,7009-5333,UMG 604  ,HTS11A,JanitzaUMG604,Hornstorf Süd 20KV ÜST01,TCP IP Adresse: 10.230.184.81
719,7006-9773,UMG 604  ,BDL11A,JanitzaUMG604,"Bosc Den Lleo 16,5KV BDL-A-KST-01",HTTP IP-Adresse: 10.230.104.81:80
721,7008-4559,UMG 604  ,GWD11A,JanitzaUMG604,Großwoltersdorf 15KV GWD-A-ÜST-01,HTTP IP-Adresse: 10.231.72.81:80
722,7009-1112,UMG 604  ,ZWG11A,JanitzaUMG604,Zwickau Gärtnerei 10KV ZWG-A-ÜST-01,TCP IP Adresse: 10.231.28.81
723,7008-5563,UMG 604  ,POM11A,JanitzaUMG604,Pommritz 10KV POM-A-ÜST-01,TCP IP Adresse: 10.230.240.81
724,7009-3475,UMG 604  ,RDG11A,JanitzaUMG604,Radegast 20KV RDG-A-ÜST-01,TCP IP Adresse: 10.230.196.81
725,7009-7354,UMG 604  ,EIB41A,JanitzaUMG604,UW Eisenberg 110KV ,HTTP IP-Adresse: 10.230.189.81:80
726,7008-9841,UMG 604  ,EGS41A,JanitzaUMG604,UW Eggesin 01 20KV EGS-A-UW-01,TCP IP Adresse: 10.231.48.81
727,7010-5443,UMG 604  ,EMN41A,JanitzaUMG604,UW Emkendorf PVA Emkendorf Nord 110kV,TCP IP Adresse: 10.231.168.81
728,7010-5442,UMG 604  ,SBL41A,JanitzaUMG604,UW Schobüll 110KV,TCP IP Adresse: 10.230.249.81
729,7010-2782,UMG 604  ,GDL21A,JanitzaUMG604,Gardelegen 20KV KST01,TCP IP Adresse: 10.231.64.81
730,7009-5380,UMG 604  ,OSW11A,JanitzaUMG604,Osterwald 30KV OSW-A-ÜST-01,TCP IP Adresse: 10.231.0.81
732,7007-7521,UMG 604  ,CAX11A,JanitzaUMG604,"CAN XIM 16,5KV CAX-A-ÜST-01",HTTP IP-Adresse: 10.230.236.81:80
733,7007-7523,UMG 604  ,SOS11A,JanitzaUMG604,"Son Sunyer-1 16,5KV SOS01-A-ÜST-01",TCP IP Adresse: 10.230.164.81
735,7008-4361,UMG 604  ,SAE11A,JanitzaUMG604,"Santa Eulalia-1 16,5KV SAE-A-ÜST-01",HTTP IP-Adresse: 10.230.160.81:80
736,7007-7522,UMG 604  ,SAE22A,JanitzaUMG604,"Santa Eulalia-2 16,5KV SAE02-A-ÜST-02",HTTP IP-Adresse: 10.230.160.82:80
737,7007-7520,UMG 604  ,SOS22A,JanitzaUMG604,"Son Sunyer-2 16,5KV SOS02-A-ÜST-01",TCP IP Adresse: 10.230.164.82
738,7010-0788,UMG 604  ,UCK11A,JanitzaUMG604,Uckro 20KV UCK-A-ÜST-01,HTTP IP-Adresse: 10.231.92.81:80
742,7008-8894,UMG 604  ,DUR0211A,JanitzaUMG604,Düren2 20KV DUR02-A-ÜST-01,TCP IP Adresse: 10.231.68.81
743,7011-5037,UMG 604  ,BUT21G,JanitzaUMG604,BUT-02-ZST02 30KV H04,TCP IP Adresse: 10.230.217.88
744,7011-5023,UMG 604  ,BUT21F,JanitzaUMG604,BUT-02-ZST02 30KV H05,TCP IP Adresse: 10.230.217.89
745,7010-6754,UMG 604  ,NOT41A,JanitzaUMG604,UW Nortorf 110kV,TCP IP Adresse: 10.230.218.81
746,7011-1156,UMG 604  ,BUT21A,JanitzaUMG604,BUT-01-ZST01 30KV H01,TCP IP Adresse: 10.230.216.82
747,7011-1150,UMG 604  ,BUT21B,JanitzaUMG604,BUT-01-ZST01 30KV H02,TCP IP Adresse: 10.230.216.83
748,7011-1154,UMG 604  ,BUT21C,JanitzaUMG604,BUT-01-ZST01 30KV H04,TCP IP Adresse: 10.230.216.84
749,7011-1157,UMG 604  ,BUT21D,JanitzaUMG604,BUT-01-ZST01 30KV H05,TCP IP Adresse: 10.230.216.85
751,7009-9401,UMG 604  ,CMJ11A,JanitzaUMG604,"Camp Mitjar 16,5KV CMJ-A-ÜST-01",HTTP IP-Adresse: 10.231.88.81:80
752,7008-3293,UMG 604  ,LAA11A,JanitzaUMG604,"Las Andrevas 16,5KV LAA01-A-ÜST-01",HTTP IP-Adresse: 10.231.56.81:80
753,7004-9989,UMG 604  ,WBK0241A,JanitzaUMG604,UW Wasbek DB PVA Wasbek02 PPA 110kV,HTTP IP-Adresse: 10.231.132.81:80
754,7009-8023,UMG 604  ,HTN11A,JanitzaUMG604,Hornstorf Nord ÜST Kläranlage,TCP IP Adresse: 10.230.220.81
755,7008-3294,UMG 604  ,LAA21A,JanitzaUMG604,"Las Andrevas 2 16,5KV LAA02-A-ÜST-02",HTTP IP-Adresse: 10.231.56.82:80
757,7008-8888,UMG 604  ,Eggesin03,JanitzaUMG604, 20KV EGS03-A-KST-01,HTTP IP-Adresse: 10.231.84.81:80
758,7010-5466,UMG 604  ,CSI11A,JanitzaUMG604,"Pedreres de Can Siderol 15,7KV CSI-A-ÜST-01",TCP IP Adresse: 10.231.60.81
761,7009-9403,UMG 604  ,CFU11A,JanitzaUMG604,"Can Fuster 15,75kV CFU-A-ÜST01",HTTP IP-Adresse: 10.231.104.81:80
763,7009-9400,UMG 604  ,SPO0221B,JanitzaUMG604,"Son Pons2 15,7kV SPO02-B-ÜST02",HTTP IP-Adresse: 10.230.6.82:80
764,7012-9447,UMG 604  ,SRE11A,JanitzaUMG604,"Son Reus 15,7kV SRE-A-ÜST-01",TCP IP Adresse: 10.231.108.81
765,7008-4360,UMG 604  ,SRA11A,JanitzaUMG604,"Son Ravanell 15,65kV SRA-A-ÜST01",TCP IP Adresse: 10.231.112.81
766,7008-4217,UMG 604  ,BTL11A,JanitzaUMG604,UW Neumünster PVA Bramer 10KV K02,HTTP IP-Adresse: 10.231.192.81:80
768,7009-2461,UMG 604  ,NHG21A,JanitzaUMG604,Nienhagen 30KV NHG-A-UW-01,HTTP IP-Adresse: 10.231.217.81:80
769,7012-1646,UMG 604  ,UWE41A,JanitzaUMG604,UW Wasbek-Ehndorf 110KV in Neumünster,HTTP IP-Adresse: 10.231.136.81:80
770,7012-1510,UMG 604  ,EHN41A,JanitzaUMG604,UW Wasbek- Ehndorf 30KV Anlage Ehndorf Wird nicht benutzt!!!!!!!,HTTP IP-Adresse: 10.231.136.82:80
771,7012-1515,UMG 604  ,UWE41B,JanitzaUMG604,UW Wasbek-Ehndorf 30KV H04 Anlage Wasbek EEG,HTTP IP-Adresse: 10.231.136.83:80
772,7010-2803,UMG 604  ,EGG21D,JanitzaUMG604,Zählstation01 30KV Eggebek 3.1+3.3 H01,HTTP IP-Adresse: 10.230.248.85:80
773,7010-7127,UMG 604  ,EGG21B,JanitzaUMG604,Zählstation01 30KV Eggebek01 H02,HTTP IP-Adresse: 10.230.248.83:80
774,7010-7118,UMG 604  ,EGG21A,JanitzaUMG604,Zählstation01 30KV Eggebek01 H04,HTTP IP-Adresse: 10.230.248.84:80
775,7010-7116,UMG 604  ,EGG21C,JanitzaUMG604,Zählstation01 30KV Eggebek01 H05,HTTP IP-Adresse: 10.230.248.82:80
776,7012-1496,UMG 604  ,SSA11A,JanitzaUMG604,"Son Salomo 132kV/30kV (29,16kV) SSA-A-UW01",HTTP IP-Adresse: 10.231.176.81:80
777,7011-5592,UMG 604  ,KEM11A,JanitzaUMG604,Kemnitz 20KV KEM-A-UW-Greifswald/J027,HTTP IP-Adresse: 10.231.120.81:80
779,7010-7110,UMG 604  ,STD11A,JanitzaUMG604,Stendal 15KV STD-A-ÜST-01,HTTP IP-Adresse: 10.231.140.81:80
780,7013-4483,UMG 604  ,LEW11A,JanitzaUMG604,PVA Lemwerder 20KV UWS UW Lemwerder,HTTP IP-Adresse: 10.231.161.81:80
781,7010-8464,UMG 604  ,POM41A,JanitzaUMG604,Pombal 60KV POM-A-POI-01,HTTP IP-Adresse: 10.231.96.81:80
782,7011-3841,UMG 604  ,POM41B,JanitzaUMG604,Pombal 30KV Substation ESI Solar I H01 (Base Case),HTTP IP-Adresse: 10.231.96.82:80
783,7011-3839,UMG 604  ,POM41C,JanitzaUMG604,Pombal 30KV Substation ESI Solar I H00 (Repower Case),HTTP IP-Adresse: 10.231.96.83:80
784,7013-4492,UMG 604  ,SOL11A,JanitzaUMG604,Solnhofen 20KV KRZ-A-ÜST-01,HTTP IP-Adresse: 10.231.180.81:80
785,7012-6094,UMG 604  ,SDD41B,JanitzaUMG604,UW Stedesand (PVA Enge Sande + PVA Stedesand 33KV) SDD-A-UW-01 H03,HTTP IP-Adresse: 10.231.100.81:80
786,7012-1561,UMG 604  ,SDD41A,JanitzaUMG604,UW Stedesand 110kV,HTTP IP-Adresse: 10.231.100.80:80
788,7012-1678,UMG 604  ,BRE0141A,JanitzaUMG604,UW Bremm 110kV,HTTP IP-Adresse: 10.231.224.81:80
789,7006-9810,UMG 604  ,BIM11A,JanitzaUMG604,Bimöhlen 20KV BIM-A-ÜST-01,HTTP IP-Adresse: 10.231.128.81:80
790,7011-4990,UMG 604  ,NEN11A,JanitzaUMG604,Neustadt Nord 20KV NEN-A-ÜST-01,TCP IP Adresse: 10.231.144.81
792,7010-7093,UMG 604  ,EIL11A,JanitzaUMG604,Erfurt Ilvergehofen 10kV Übergabestation,HTTP IP-Adresse: 10.231.124.81:80
804,7011-1149,UMG 604  ,DIF0211A,JanitzaUMG604,Ditfurt02 15KV DIF02-A-ÜST-01,HTTP IP-Adresse: 10.231.212.81:80
806,7013-1058,UMG 604  ,EHN21A,JanitzaUMG604,EHN-01-ZST01 30KV H09 EEG,HTTP IP-Adresse: 10.231.138.81:80
807,7013-1101,UMG 604  ,EHN21B,JanitzaUMG604,EHN-01-ZST01 33KV H10 EEG,HTTP IP-Adresse: 10.231.138.82:80
812,7012-1559,UMG 604  ,KZS0241A,JanitzaUMG604,UW Kreuzstein 02 110kV,HTTP IP-Adresse: 10.231.159.81:80
813,7013-4486,UMG 604  ,KZS0141A,JanitzaUMG604,UW Kreuzstein 01 110KV,HTTP IP-Adresse: 10.231.204.81:80
814,7012-1547,UMG 604  ,UND41A,JanitzaUMG604,UW Neu Duvenstedt 110kV,HTTP IP-Adresse: 10.231.197.81:80
840,7014-8742,UMG 604  ,BRE0141D,JanitzaUMG604, UW Bremm01 33KV H05 PVA Grenderich,HTTP IP-Adresse: 10.231.224.84:80
841,7014-8803,UMG 604  ,BRE0141C,JanitzaUMG604,"UW Bremm01 33KV PVA Neef 3 / St. Aldegund 1.1 TST 04,07 / St. Aldegund 1.2 TST 05,06,08 / Bullay 1.2",HTTP IP-Adresse: 10.231.224.83:80
842,7014-8867,UMG 604  ,BRE0141B,JanitzaUMG604,"UW Bremm01 33KV PVA Neef 1+2 / Bullay 1.1 / St. Aldegund 1.2 TST 09 / St. Aldegund 1.1 TST 01,02,03",HTTP IP-Adresse: 10.231.224.82:80
843,7014-8801,UMG 604  ,KZS0241B,JanitzaUMG604,UW Kreuzstein02 33KV H02,HTTP IP-Adresse: 10.231.159.82:80
844,7014-8800,UMG 604  ,KZS0241C,JanitzaUMG604,UW Kreuzstein02 33KV H03 PVA Reidenhausen,HTTP IP-Adresse: 10.231.159.83:80
845,7014-9766,UMG 604  ,KZS0141B,JanitzaUMG604,UW Kreuzstein01 33KV H02,HTTP IP-Adresse: 10.231.204.82:80
846,7014-8802,UMG 604  ,KZS0141C,JanitzaUMG604,UW Kreuzstein01 33KV H03,HTTP IP-Adresse: 10.231.204.83:80
848,7014-7596,UMG 604  ,PDR41A,JanitzaUMG604,UW Pünderich 110kV,HTTP IP-Adresse: 10.231.237.81:80
849,7013-3347,UMG 604  ,EBE21A-Nur Strom,JanitzaUMG604,EBE-SST01 30kV H03,TCP IP Adresse: 10.230.48.82
851,7014-8304,UMG 604  ,LEW21B - BESS,JanitzaUMG604,Lemwerder 20KV LEW-A-ZST-01 J05,TCP IP Adresse: 10.231.161.83
852,7014-8203,UMG 604  ,LEW21A - PVA,JanitzaUMG604,Lemwerder 20KV LEW-A-ZST-01,TCP IP Adresse: 10.231.161.82
853,7013-1094,UMG 604  ,EHN23A - BESS,JanitzaUMG604,EHN-01-ZST01 30KV H07,TCP IP Adresse: 10.231.138.83
856,7007-0551,UMG 604  ,LEW-AUX. Trafostation,JanitzaUMG604,LEW-AUX. Trafostation,TCP IP Adresse: 10.231.161.84
857,7007-0553,UMG 604  ,DRS41A,JanitzaUMG604,PVA Drense 20KV UW Baumgarten J32,HTTP IP-Adresse: 10.231.208.81:80
859,7015-2964,UMG 604  ,WST41A,JanitzaUMG604,UW Westerrade 110kV,HTTP IP-Adresse: 10.231.80.80:80
860,7015-6168,UMG 604  ,WST41B,JanitzaUMG604,PVA Strukdorf 30KV SKD,HTTP IP-Adresse: 10.231.80.83:80
861,7012-1518,UMG 604  ,UZW41A,JanitzaUMG604,UW Zwickau Ost PVA Zwickau 02 110kV,TCP IP Adresse: 10.231.184.81
864,7014-2709,UMG 604  ,ZWK0221A,JanitzaUMG604,Zwickau 02 30KV ZWK-A-ZST-01 H02 Batterie,HTTP IP-Adresse: 10.231.185.82:80
865,7014-4510,UMG 604  ,ZWK0221B,JanitzaUMG604,"Zwickau 02 30KV ZWK-A-ZST-01 H03 2.1 Inno108, 2.1 Inno109 & PPA 2.2",HTTP IP-Adresse: 10.231.185.83:80
866,7014-2121,UMG 604  ,ZWK0221C,JanitzaUMG604,Zwickau 02 30KV ZWK-A-ZST-01 H05 EEG 2.3 & 2.4,HTTP IP-Adresse: 10.231.185.84:80
867,7003-9203,UMG 604  ,SWS Kompensationsstation,JanitzaUMG604,"Janitza electronics GmbH, UMG604-E",TCP IP Adresse: 10.141.0.83
869,7003-7830,UMG 604  ,EHN24A,JanitzaUMG604,Ehndorf Batterie 400V Versorgung,HTTP IP-Adresse: 10.231.138.84:80
870,7015-6194,UMG 604  ,UND41C,JanitzaUMG604,UW Neu Duvenstedt 33kV H03 PVA Borgstedt Lehmbeck,HTTP IP-Adresse: 10.231.197.83:80
871,7015-6201,UMG 604  ,UND41B,JanitzaUMG604,UW Neu Duvenstedt 33KV H03 - PVA Neu Duvenstedt 1.1 & 1.2,HTTP IP-Adresse: 10.231.197.82:80
872,7013-0311,UMG 604  ,GVS11,JanitzaUMG604,PVA Groß Vollstedt UW Katenstedt J14 20kV,HTTP IP-Adresse: 10.231.240.81:80
874,7015-5515,UMG 604  ,DME41A,JanitzaUMG604,UW Dammereez 110kV,TCP IP Adresse: 10.232.56.81
875,7015-6163,UMG 604  ,WST41C,JanitzaUMG604,UW Westerrade H01 PVA Geschendorf+Weede,HTTP IP-Adresse: 10.231.80.81:80
880,7017-0705,UMG 604  ,EGG0411A,JanitzaUMG604,Eggebek 3.2 20KV KRZ-A-ÜST-01,HTTP IP-Adresse: 10.232.44.80:80
881,7016-7226,UMG 604  ,EGG0412A,JanitzaUMG604,Eggebek 3.2 20KV EGG04-A-KST-01,HTTP IP-Adresse: 10.232.44.81:80
882,7016-7457,UMG 604  ,EDE11A,JanitzaUMG604,PVA EDE 800V EDE-A-TST-01,HTTP IP-Adresse: 10.232.148.81:80
885,7015-6161,UMG 604  ,DME41B,JanitzaUMG604,UW Dammereez 30kV H02,HTTP IP-Adresse: 10.232.56.82:80
886,7015-6301,UMG 604  ,DME41C,JanitzaUMG604,UW Dammereez 30kV H03,HTTP IP-Adresse: 10.232.56.83:80
887,7009-9269,UMG 604  ,ASB11A,JanitzaUMG604,Aasbüttel + Warringholz 20KV UW Bokhorst J023 ,HTTP IP-Adresse: 10.232.60.81:80
888,7017-4649,UMG 604  ,SLA31A,JanitzaUMG604,NS-800V SLA-A-TST-01,HTTP IP-Adresse: 10.230.54.81:80
897,7012-9560,UMG 604  ,CAC11A,JanitzaUMG604,"Can Cerdó 15,7kV CAC-A-ÜST-01",TCP IP Adresse: 10.232.244.81
898,7016-6807,UMG 604  ,WDE21A,JanitzaUMG604,Weede 1 ZST H02,HTTP IP-Adresse: 10.231.83.81:80
899,7016-6806,UMG 604  ,WDE21B,JanitzaUMG604,Weede 1 33KV WDE01-A-ZST-01 H04,HTTP IP-Adresse: 10.231.83.82:80
900,7013-4584,UMG 604  ,LAO11A,JanitzaUMG604,La Oliva 132kV/30kV ,HTTP IP-Adresse: 10.232.33.81:80
904,7014-4542,UMG 604  ,OSL21B,JanitzaUMG604,Oster-Schnatebüll 33KV OSL-A-ZST-01 H03,HTTP IP-Adresse: 10.231.103.84:80
905,7014-4550,UMG 604  ,OSL21A,JanitzaUMG604,Oster-Schnatebüll PPA 33KV OSL-A-ZST-01 H02,HTTP IP-Adresse: 10.231.103.83:80
906,7014-4445,UMG 604  ,MUB0211A,JanitzaUMG604,Mühbrook 2.1 ÜST J04,HTTP IP-Adresse: 10.232.8.81:80
909,7004-9709,UMG 604  ,ATT21A,JanitzaUMG604,Altentreptow Brüggenbruch 4 20KV,HTTP IP-Adresse: 10.230.192.81:80
910,7015-8703,UMG 604  ,CRI21A,JanitzaUMG604,CRI-A-KST02 J03 20kV Crinitz Kombistation,HTTP IP-Adresse: 10.232.144.81:80
911,7017-1606,UMG 604  ,CRI21B,JanitzaUMG604,CRI-A-KST-02 J04 20kV zur CRI-A-TST-01,HTTP IP-Adresse: 10.232.144.82:80
912,7017-1608,UMG 604  ,CRI21C,JanitzaUMG604,CRI-A-KST-02 J06 20kV Trafo-CRI-A-KST-02,HTTP IP-Adresse: 10.232.144.83:80
913,7017-1489,UMG 604  ,CRI21D,JanitzaUMG604,CRI-A-KST-02 J07 20kV Batterie,HTTP IP-Adresse: 10.232.144.84:80
914,7018-0448,UMG 604  ,CRI11E,JanitzaUMG604,Crinitz EB AUY Trafo,HTTP IP-Adresse: 10.232.144.85:80
915,7017-0553,UMG 604  ,AKZ11A,JanitzaUMG604,Antonkreuz 20KV AKZ-A-ÜST-01,HTTP IP-Adresse: 10.232.141.81:80
